,rdk_FractionCSP3,rdk_NumAliphaticCarbocycles,rdk_NumAromaticHeterocycles,rdk_NumAromaticRings,rdk_NumRadicalElectrons,rdk_NumSaturatedHeterocycles,rdk_NumSaturatedRings,rdk_fr_Al_OH,rdk_fr_Al_OH_noTert,rdk_fr_ArN,rdk_fr_COO,rdk_fr_C_S,rdk_fr_Imine,rdk_fr_NH0,rdk_fr_NH1,rdk_fr_N_O,rdk_fr_Ndealkylation2,rdk_fr_Nhpyrrole,rdk_fr_SH,rdk_fr_aldehyde,rdk_fr_alkyl_carbamate,rdk_fr_alkyl_halide,rdk_fr_amidine,rdk_fr_aniline,rdk_fr_aryl_methyl,rdk_fr_azide,rdk_fr_azo,rdk_fr_barbitur,rdk_fr_benzodiazepine,rdk_fr_diazo,rdk_fr_dihydropyridine,rdk_fr_ester,rdk_fr_furan,rdk_fr_guanido,rdk_fr_hdrzine,rdk_fr_hdrzone,rdk_fr_imide,rdk_fr_isocyan,rdk_fr_isothiocyan,rdk_fr_ketone,rdk_fr_ketone_Topliss,rdk_fr_lactam,rdk_fr_lactone,rdk_fr_morpholine,rdk_fr_nitrile,rdk_fr_nitro,rdk_fr_nitro_arom,rdk_fr_nitro_arom_nonortho,rdk_fr_nitroso,rdk_fr_oxazole,rdk_fr_oxime,rdk_fr_phenol_noOrthoHbond,rdk_fr_piperdine,rdk_fr_priamide,rdk_fr_prisulfonamd,rdk_fr_pyridine,rdk_fr_quatN,rdk_fr_sulfone,rdk_fr_term_acetylene,rdk_fr_tetrazole,rdk_fr_thiocyan,rdk_fr_thiophene,rdk_fr_urea,rdk_BalabanJ,rdk_EState_VSA8,rdk_EState_VSA9,rdk_EState_VSA10,rdk_SMR_VSA2,rdk_SMR_VSA8,rdk_SlogP_VSA9,rdk_SlogP_VSA10,rdk_SlogP_VSA11,rdk_SlogP_VSA12,rdk_VSA_EState7,rdk_MinAbsEStateIndex,rdk_MinAbsPartialCharge,rdk_MinEStateIndex,pychem_AWeight,pychem_ncobr,pychem_ncoi,pychem_ndonr,pychem_ntb,pychem_petitjeant,pychem_Geto,pychem_Chi4c,pychem_Chiv10,pychem_Chiv3ch,pychem_Chiv4ch,pychem_Chiv5ch,pychem_Chiv6ch,pychem_bcutm1,pychem_bcute9,pychem_bcute1,pychem_bcutp9,pychem_bcutp1,pychem_SIC2,pychem_SIC4,pychem_SIC5,pychem_IC0,pychem_IC1,pychem_IC2,pychem_S1,pychem_S2,pychem_S3,pychem_S4,pychem_S5,pychem_S6,pychem_S8,pychem_S9,pychem_S10,pychem_S11,pychem_S13,pychem_S14,pychem_S15,pychem_S17,pychem_S20,pychem_S22,pychem_S23,pychem_S24,pychem_S26,pychem_S27,pychem_S28,pychem_S29,pychem_S31,pychem_S33,pychem_S34,pychem_S36,pychem_S37,pychem_S39,pychem_S40,pychem_S41,pychem_S42,pychem_S43,pychem_S44,pychem_S45,pychem_S47,pychem_S48,pychem_S49,pychem_S52,pychem_S55,pychem_S56,pychem_S57,pychem_S58,pychem_S59,pychem_S60,pychem_S61,pychem_S62,pychem_S63,pychem_S64,pychem_S65,pychem_S66,pychem_S67,pychem_S68,pychem_S69,pychem_S70,pychem_S71,pychem_S72,pychem_S73,pychem_S74,pychem_S75,pychem_S76,pychem_S77,pychem_S78,pychem_S79,pychem_Smax0,pychem_Smax1,pychem_Smax2,pychem_Smax3,pychem_Smax4,pychem_Smax5,pychem_Smax7,pychem_Smax8,pychem_Smax9,pychem_Smax10,pychem_Smax11,pychem_Smax12,pychem_Smax13,pychem_Smax14,pychem_Smax15,pychem_Smax16,pychem_Smax17,pychem_Smax18,pychem_Smax19,pychem_Smax20,pychem_Smax21,pychem_Smax22,pychem_Smax23,pychem_Smax24,pychem_Smax25,pychem_Smax26,pychem_Smax27,pychem_Smax30,pychem_Smax32,pychem_Smax33,pychem_Smax36,pychem_Smax38,pychem_Smax39,pychem_Smax40,pychem_Smax41,pychem_Smax42,pychem_Smax43,pychem_Smax44,pychem_Smax45,pychem_Smax46,pychem_Smax47,pychem_Smax48,pychem_Smax51,pychem_Smax54,pychem_Smax55,pychem_Smax56,pychem_Smax57,pychem_Smax58,pychem_Smax59,pychem_Smax60,pychem_Smax61,pychem_Smax62,pychem_Smax63,pychem_Smax64,pychem_Smax65,pychem_Smax66,pychem_Smax67,pychem_Smax68,pychem_Smax69,pychem_Smax70,pychem_Smax71,pychem_Smax72,pychem_Smax73,pychem_Smax74,pychem_Smax75,pychem_Smax76,pychem_Smax77,pychem_Smax78,pychem_Smin0,pychem_Smin1,pychem_Smin2,pychem_Smin3,pychem_Smin4,pychem_Smin5,pychem_Smin6,pychem_Smin7,pychem_Smin8,pychem_Smin9,pychem_Smin12,pychem_Smin13,pychem_Smin14,pychem_Smin15,pychem_Smin18,pychem_Smin19,pychem_Smin21,pychem_Smin22,pychem_Smin25,pychem_Smin26,pychem_Smin27,pychem_Smin28,pychem_Smin29,pychem_Smin30,pychem_Smin31,pychem_Smin32,pychem_Smin35,pychem_Smin36,pychem_Smin38,pychem_Smin39,pychem_Smin40,pychem_Smin41,pychem_Smin42,pychem_Smin43,pychem_Smin44,pychem_Smin46,pychem_Smin47,pychem_Smin48,pychem_Smin49,pychem_Smin50,pychem_Smin51,pychem_Smin54,pychem_Smin55,pychem_Smin56,pychem_Smin57,pychem_Smin58,pychem_Smin59,pychem_Smin60,pychem_Smin61,pychem_Smin62,pychem_Smin63,pychem_Smin64,pychem_Smin65,pychem_Smin66,pychem_Smin67,pychem_Smin68,pychem_Smin69,pychem_Smin70,pychem_Smin71,pychem_Smin72,pychem_Smin73,pychem_Smin74,pychem_Smin75,pychem_Smin76,pychem_Smin77,pychem_Smin78,pychem_Scar,pychem_Shal,pychem_Smax,pychem_DS,pychem_MATSm1,pychem_MATSm2,pychem_MATSm3,pychem_MATSm4,pychem_MATSm6,pychem_MATSm7,pychem_MATSm8,pychem_MATSv1,pychem_MATSe6,pychem_MATSe7,pychem_MATSe8,pychem_MATSp2,pychem_MATSp3,pychem_MATSp5,pychem_MATSp6,pychem_MATSp8,pychem_GATSm1,pychem_GATSm2,pychem_GATSm3,pychem_GATSm4,pychem_GATSm5,pychem_GATSm6,pychem_GATSm8,pychem_GATSe1,pychem_GATSe2,pychem_GATSe3,pychem_GATSe4,pychem_GATSe5,pychem_GATSe6,pychem_GATSe7,pychem_GATSe8,pychem_GATSp1,pychem_GATSp2,pychem_GATSp3,pychem_GATSp4,pychem_GATSp5,pychem_GATSp6,pychem_LogP2,pychem_UI,pychem_SPP,pychem_Mnc,pychem_QOss,pychem_QNss,pychem_QCss,pychem_Qmin,pychem_Qmax,pychem_QNmin,pychem_QCmin,pychem_QHmin,pychem_QOmax,pychem_QNmax,pychem_QCmax,pychem_QHmax,pychem_slogPVSA0,pychem_slogPVSA1,pychem_slogPVSA4,pychem_slogPVSA5,pychem_slogPVSA6,pychem_slogPVSA7,pychem_slogPVSA8,pychem_MRVSA1,pychem_MRVSA5,pychem_MRVSA7,pychem_MRVSA8,pychem_MRVSA9,pychem_PEOEVSA0,pychem_PEOEVSA2,pychem_PEOEVSA3,pychem_PEOEVSA4,pychem_PEOEVSA5,pychem_PEOEVSA6,pychem_PEOEVSA7,pychem_PEOEVSA8,pychem_PEOEVSA9,pychem_PEOEVSA10,pychem_PEOEVSA11,pychem_PEOEVSA12,pychem_PEOEVSA13,pychem_EstateVSA0,pychem_EstateVSA1,pychem_EstateVSA2,pychem_EstateVSA3,pychem_EstateVSA4,pychem_EstateVSA5,pychem_EstateVSA6,pychem_EstateVSA10,pychem_VSAEstate0,pychem_VSAEstate3,pychem_VSAEstate5,pychem_VSAEstate7,pychem_VSAEstate8,pychem_ATSp7,name,smiles,label
0,0.44680851063829785,3.0,0.0,3.0,0.0,1.0,3.0,3.0,2.0,0.0,0.0,0.0,0.0,0.0,1.0,0.0,0.0,0.0,0.0,0.0,0.0,0.0,0.0,0.0,0.0,0.0,0.0,0.0,0.0,0.0,0.0,4.0,0.0,0.0,0.0,0.0,0.0,0.0,0.0,1.0,1.0,0.0,0.0,0.0,0.0,0.0,0.0,0.0,0.0,0.0,0.0,0.0,0.0,0.0,0.0,0.0,0.0,0.0,0.0,0.0,0.0,0.0,0.0,1.3874476640402014,5.316788604006331,23.684314769000245,39.292268104881224,0.0,0.0,0.0,0.0,0.0,0.0,-10.511556872841574,0.0028853439807066117,0.338014232853755,-2.390958146825491,12.944,0.0,0.0,4.0,0.0,0.474,2.003,0.426,1.099,0.0,0.083,0.0,0.156,4.031000137329102,1.9850000143051147,4.079999923706055,2.1029999256134033,3.9809999465942383,0.676,0.869,0.905,1.478,3.166,4.612,0.0,0.0,0.0,0.0,0.0,0.0,0.0,-1.064,0.0,0.0,-12.65,0.0,0.0,0.69,0.0,0.0,0.0,2.723,0.0,0.0,0.0,0.0,0.0,0.0,37.511,30.272,0.0,0.0,0.0,0.0,0.0,0.0,0.0,0.0,0.0,0.0,0.0,0.0,0.0,0.0,0.0,0.0,0.0,0.0,0.0,0.0,0.0,0.0,0.0,0.0,0.0,0.0,0.0,0.0,0.0,0.0,0.0,0.0,0.0,0.0,0.0,0.0,0.0,0.0,0.0,0.0,0.0,0.0,0.0,0.0,-0.209,0.0,0.0,1.728,-1.02,0.0,0.0,0.171,0.362,0.0,-1.673,0.0,0.0,0.0,0.0,2.723,0.0,0.0,0.0,0.0,0.0,0.0,13.679,0.0,0.0,0.0,0.0,0.0,0.0,0.0,0.0,0.0,0.0,0.0,0.0,0.0,0.0,0.0,0.0,0.0,0.0,0.0,0.0,0.0,0.0,0.0,0.0,0.0,0.0,0.0,0.0,0.0,0.0,0.0,0.0,0.0,0.0,0.0,0.0,0.0,0.0,0.0,0.0,0.0,0.0,0.0,0.0,1.086,0.0,-0.543,0.0,-2.035,0.0,0.0,-1.231,-2.391,0.0,0.0,0.0,0.0,0.0,0.0,0.0,0.0,0.0,0.0,0.0,5.848,0.0,0.0,0.0,0.0,0.0,0.0,0.0,0.0,0.0,0.0,0.0,0.0,0.0,0.0,0.0,0.0,0.0,0.0,0.0,0.0,0.0,0.0,0.0,0.0,0.0,0.0,0.0,0.0,0.0,0.0,0.0,0.0,0.0,0.0,0.0,0.0,0.0,0.0,0.0,6.540352842355202,0.0,15.484,17.875,-0.08,0.043,-0.024,-0.186,-0.023,0.069,0.057,-0.083,-0.023,0.069,0.057,0.045,-0.026,0.004,-0.026,0.056,0.806,0.818,0.947,1.235,1.146,1.119,0.961,0.805,0.818,0.947,1.235,1.146,1.119,1.057,0.961,0.814,0.822,0.956,1.231,1.143,1.112,13.955,4.7,0.794,-0.172,1.815,0.117,0.76,-0.456,0.338,-0.342,-0.062,0.024,-0.246,-0.342,0.338,0.211,5.317,105.32,86.705,102.142,0.0,0.0,0.0,0.0,6.607,0.0,0.0,35.568,44.321,9.589,0.0,0.0,80.578,54.823,37.668,35.649,23.913,23.592,0.0,5.907,23.877,112.604,35.301,5.563,13.847,25.98,92.71,0.0,4.795,30.272,-7.019,22.938,7.974,0.0,4.829,paclitaxel,CC(=O)OC1C(=O)C2(C)C(O)CC3OCC3(OC(C)=O)C2C(OC(=O)c2ccccc2)C2(O)CC(OC(=O)C(O)C(NC(=O)c3ccccc3)c3ccccc3)C(C)=C1C2(C)C,1
1,0.5652173913043478,1.0,1.0,3.0,0.0,2.0,3.0,2.0,0.0,0.0,0.0,0.0,0.0,3.0,1.0,0.0,0.0,1.0,0.0,0.0,0.0,0.0,0.0,1.0,0.0,0.0,0.0,0.0,0.0,0.0,0.0,3.0,0.0,0.0,0.0,0.0,0.0,0.0,0.0,0.0,0.0,0.0,0.0,0.0,0.0,0.0,0.0,0.0,0.0,0.0,0.0,0.0,1.0,0.0,0.0,0.0,0.0,0.0,0.0,0.0,0.0,0.0,0.0,1.3790970017416169,20.850165051109773,18.947451815200196,24.596666341896878,0.0,0.0,0.0,5.687386274683562,5.749511833283905,0.0,5.832904069265398,0.1552893630434493,0.34363054228972134,-2.531098412712735,12.809,0.0,0.0,3.0,0.0,0.5,2.083,0.492,2.406,0.0,0.0,0.128,0.149,4.1570000648498535,1.9630000591278076,4.190999984741211,2.0450000762939453,4.111999988555908,0.753,0.918,0.931,1.509,3.227,5.165,0.0,0.0,0.0,0.0,0.0,0.0,0.0,5.643,0.0,4.582,-3.319,0.0,0.0,3.541,0.0,0.0,0.0,0.0,0.0,0.0,0.0,0.0,0.0,0.0,25.271,23.687,0.0,0.0,0.0,0.0,0.0,0.0,0.0,0.0,0.0,0.0,0.0,0.0,0.0,0.0,0.0,0.0,0.0,0.0,0.0,0.0,0.0,0.0,0.0,0.0,0.0,0.0,0.0,0.0,0.0,0.0,0.0,0.0,0.0,0.0,0.0,0.0,0.0,0.0,0.0,0.0,0.0,0.0,0.0,0.0,0.672,0.0,1.993,2.059,-0.155,0.0,0.0,-0.506,0.966,0.982,-0.965,0.0,0.0,0.0,0.0,0.0,3.707,0.0,0.0,0.0,0.0,0.0,13.301,0.0,0.0,0.0,0.0,0.0,0.0,0.0,0.0,0.0,0.0,0.0,0.0,0.0,0.0,0.0,0.0,0.0,0.0,0.0,0.0,0.0,0.0,0.0,0.0,0.0,0.0,0.0,0.0,0.0,0.0,0.0,0.0,0.0,0.0,0.0,0.0,0.0,0.0,0.0,0.0,0.0,0.0,0.0,0.0,1.176,0.0,0.263,0.0,-1.422,0.0,0.0,-1.024,-2.531,0.0,0.0,0.0,0.0,0.0,0.0,0.0,1.388,0.0,0.0,0.0,5.397,0.0,0.0,0.0,0.0,0.0,0.0,0.0,0.0,0.0,0.0,0.0,0.0,0.0,0.0,0.0,0.0,0.0,0.0,0.0,0.0,0.0,0.0,0.0,0.0,0.0,0.0,0.0,0.0,0.0,0.0,0.0,0.0,0.0,0.0,0.0,0.0,0.0,0.0,0.0,23.824095609797432,0.0,15.322,17.853,-0.121,0.106,0.019,0.028,0.028,-0.049,0.021,-0.138,0.027,-0.051,0.022,0.083,-0.0,-0.144,0.036,0.012,0.845,0.63,0.791,0.833,1.193,1.021,0.936,0.841,0.626,0.788,0.834,1.192,1.022,1.047,0.935,0.907,0.684,0.84,0.826,1.19,1.006,9.215,4.459,0.84,-0.172,1.449,0.398,0.552,-0.496,0.344,-0.357,-0.076,0.023,-0.249,-0.295,0.344,0.212,9.637,132.758,75.26,48.55,0.0,10.903,0.0,0.0,58.953,0.0,5.75,40.908,39.044,4.795,0.0,0.0,44.199,74.247,78.201,38.66,11.165,6.104,12.011,0.0,17.908,63.543,12.339,99.496,16.466,33.153,6.066,50.265,4.795,23.687,-3.151,9.974,8.161,4.09,4.913,vincristine,CCC1(O)CC2CN(CCc3c([nH]c4ccccc34)C(C(=O)OC)(c3cc4c(cc3OC)N(C=O)C3C(O)(C(=O)OC)C(OC(C)=O)C5(CC)C=CCN6CCC43C65)C2)C1,1
2,0.5666666666666667,0.0,0.0,0.0,0.0,0.0,0.0,1.0,1.0,0.0,3.0,0.0,0.0,0.0,2.0,0.0,0.0,0.0,0.0,0.0,0.0,0.0,0.0,0.0,0.0,0.0,0.0,0.0,0.0,0.0,0.0,0.0,0.0,0.0,0.0,0.0,0.0,0.0,0.0,0.0,0.0,0.0,0.0,0.0,0.0,0.0,0.0,0.0,0.0,0.0,0.0,0.0,0.0,0.0,0.0,0.0,0.0,0.0,0.0,0.0,0.0,0.0,0.0,5.37816791943443,29.709354621371045,21.0532496616843,29.079213315199816,0.0,0.0,0.0,0.0,0.0,11.761884949391115,19.53826148304677,0.0541849605576219,0.32247070703305736,-1.280549451571755,13.451,0.0,0.0,7.0,0.0,0.5,1.823,0.0,0.308,0.0,0.0,0.0,0.0,3.940000057220459,1.75600004196167,3.816999912261963,1.8680000305175781,3.744999885559082,0.679,0.847,0.865,1.586,3.051,4.407,0.0,0.0,0.0,0.0,0.0,0.0,0.0,4.599,0.0,15.176,-3.992,0.0,0.0,0.0,0.0,0.0,0.0,4.686,0.0,0.0,0.0,0.0,0.0,0.0,37.493,0.0,0.0,0.0,0.0,0.0,0.0,0.0,0.0,0.0,0.0,0.0,0.0,0.0,0.0,0.0,0.0,0.0,0.0,0.0,0.0,0.0,0.0,0.0,0.0,0.0,0.0,0.0,0.0,0.0,0.0,0.0,0.0,0.0,0.0,0.0,0.0,0.0,0.0,0.0,0.0,0.0,0.0,0.0,0.0,0.0,1.222,0.0,2.166,0.0,-0.583,0.0,0.0,-0.646,0.0,0.0,0.0,0.0,5.432,0.0,0.0,2.477,0.0,0.0,0.0,0.0,0.0,0.0,10.76,0.0,0.0,0.0,0.0,0.0,0.0,0.0,0.0,0.0,0.0,0.0,0.0,0.0,0.0,0.0,0.0,0.0,0.0,0.0,0.0,0.0,0.0,0.0,0.0,0.0,0.0,0.0,0.0,0.0,0.0,0.0,0.0,0.0,0.0,0.0,0.0,0.0,0.0,0.0,0.0,0.0,0.0,0.0,0.0,2.167,0.0,-0.673,0.0,-1.259,0.0,0.0,-1.281,0.0,0.0,0.0,0.0,0.0,0.0,0.0,0.0,0.0,0.0,0.0,0.0,0.0,0.0,0.0,0.0,0.0,0.0,0.0,0.0,0.0,0.0,0.0,0.0,1.126,0.0,0.0,0.0,0.0,0.0,0.0,0.0,0.0,0.0,0.0,0.0,0.0,0.0,0.0,0.0,0.0,0.0,0.0,0.0,0.0,0.0,0.0,0.0,0.0,0.0,0.0,0.0,12.996382787515799,0.0,12.641,13.922,-0.08,-0.089,0.003,-0.04,-0.092,0.232,-0.054,-0.044,0.262,-0.041,-0.023,0.205,0.048,0.127,0.335,-0.01,1.033,1.257,1.743,1.789,1.674,1.39,1.049,0.725,0.73,0.744,0.927,0.779,0.699,0.906,1.014,0.742,0.779,1.053,1.244,0.999,0.743,7.711,3.322,0.803,-0.174,1.185,0.337,0.514,-0.481,0.322,-0.344,-0.088,0.023,-0.25,-0.318,0.322,0.296,16.367,85.884,71.132,48.608,0.0,0.0,0.0,0.0,12.298,0.0,0.0,41.484,36.793,0.0,0.0,11.762,68.374,38.525,23.844,6.104,18.628,0.0,11.814,0.0,17.908,59.705,37.857,0.0,24.604,19.262,18.228,18.228,0.0,0.0,5.432,-2.446,1.494,0.0,3.902,LTC4,CCCCCC=CCC=CC=CC=CC(SCC(NC(=O)CCC(N)C(=O)O)C(=O)NCC(=O)O)C(O)CCCC(=O)O,1
3,0.7083333333333334,3.0,0.0,1.0,0.0,1.0,3.0,3.0,3.0,0.0,1.0,0.0,0.0,0.0,0.0,0.0,0.0,0.0,0.0,0.0,0.0,0.0,0.0,0.0,1.0,0.0,0.0,0.0,0.0,0.0,0.0,0.0,0.0,0.0,0.0,0.0,0.0,0.0,0.0,0.0,0.0,0.0,0.0,0.0,0.0,0.0,0.0,0.0,0.0,0.0,0.0,1.0,0.0,0.0,0.0,0.0,0.0,0.0,0.0,0.0,0.0,0.0,0.0,1.3403990056521593,12.990104268152233,9.473725907600098,30.327174158275348,0.0,0.0,0.0,0.0,5.749511833283905,0.0,-2.382457767955395,0.1404711514235324,0.33529112348916457,-1.7162538996171335,13.008,0.0,0.0,5.0,0.0,0.467,2.071,0.118,0.995,0.0,0.0,0.083,0.14,3.9820001125335693,1.9919999837875366,4.047999858856201,2.062999963760376,3.989000082015991,0.73,0.939,0.939,1.406,2.996,4.38,0.0,0.0,0.0,0.0,0.0,0.0,0.0,5.686,0.0,0.0,-6.668,0.0,0.0,2.903,0.0,0.0,0.0,0.0,0.0,0.0,0.0,0.0,0.0,0.0,49.624,11.55,0.0,0.0,0.0,0.0,0.0,0.0,0.0,0.0,0.0,0.0,0.0,0.0,0.0,0.0,0.0,0.0,0.0,0.0,0.0,0.0,0.0,0.0,0.0,0.0,0.0,0.0,0.0,0.0,0.0,0.0,0.0,0.0,0.0,0.0,0.0,0.0,0.0,0.0,0.0,0.0,0.0,0.0,0.0,0.0,1.058,0.0,0.0,2.068,0.51,0.0,0.0,-1.403,1.345,0.0,-0.14,0.0,0.0,0.0,0.0,0.0,0.0,0.0,0.0,0.0,0.0,0.0,10.393,0.0,0.0,0.0,0.0,0.0,0.0,0.0,0.0,0.0,0.0,0.0,0.0,0.0,0.0,0.0,0.0,0.0,0.0,0.0,0.0,0.0,0.0,0.0,0.0,0.0,0.0,0.0,0.0,0.0,0.0,0.0,0.0,0.0,0.0,0.0,0.0,0.0,0.0,0.0,0.0,0.0,0.0,0.0,0.0,2.215,0.0,0.774,0.0,-1.716,0.0,0.0,-1.403,-0.14,0.0,0.0,0.0,0.0,0.0,0.0,0.0,0.0,0.0,0.0,0.0,5.388,0.0,0.0,0.0,0.0,0.0,0.0,0.0,0.0,0.0,0.0,0.0,0.0,0.0,0.0,0.0,0.0,0.0,0.0,0.0,0.0,0.0,0.0,0.0,0.0,0.0,0.0,0.0,0.0,0.0,0.0,0.0,0.0,0.0,0.0,0.0,0.0,0.0,0.0,0.0,8.322233164355435,0.0,11.421,13.137,-0.037,0.048,0.271,0.19,0.007,-0.238,-0.459,-0.037,0.007,-0.238,-0.459,0.048,0.271,0.224,0.007,-0.459,0.718,0.738,0.686,0.738,0.738,0.861,1.536,0.718,0.738,0.686,0.738,0.738,0.861,1.107,1.536,0.718,0.738,0.686,0.738,0.738,0.861,2.328,3.0,0.843,-0.151,1.228,0.0,0.267,-0.508,0.335,0.0,-0.057,0.024,-0.249,0.0,0.335,0.296,0.0,68.312,56.073,18.199,0.0,0.0,0.0,0.0,0.0,0.0,5.75,5.969,35.006,4.795,0.0,0.0,12.99,84.953,0.0,6.104,24.061,12.394,0.0,0.0,5.969,36.675,11.519,23.503,38.525,11.127,6.066,6.066,0.0,11.55,2.447,5.731,2.215,0.0,3.502,E217bG,CC12CCC3c4ccc(O)cc4CCC3C1CCC2OC1OC(C(=O)O)C(O)C(O)C1O,1
4,0.5555555555555556,0.0,1.0,1.0,0.0,1.0,1.0,2.0,2.0,1.0,0.0,0.0,0.0,2.0,0.0,0.0,0.0,0.0,0.0,0.0,0.0,2.0,0.0,1.0,0.0,0.0,0.0,0.0,0.0,0.0,0.0,0.0,0.0,0.0,0.0,0.0,0.0,0.0,0.0,0.0,0.0,0.0,0.0,0.0,0.0,0.0,0.0,0.0,0.0,0.0,0.0,0.0,0.0,0.0,0.0,0.0,0.0,0.0,0.0,0.0,0.0,0.0,0.0,2.4191219777016335,4.9839785209472085,15.57705782580294,18.681894674262168,0.0,0.0,0.0,14.598692873184667,0.0,0.0,-4.687900132275133,0.1140556237927266,0.35131379854975847,-3.7132752267573705,14.006,0.0,0.0,3.0,0.0,0.444,1.888,0.167,0.024,0.0,0.0,0.039,0.017,3.9700000286102295,1.8220000267028809,3.993000030517578,2.062999963760376,3.7699999809265137,0.89,0.943,0.957,2.053,3.836,4.323,0.0,0.0,0.0,0.0,0.0,0.0,0.0,-0.787,0.0,0.0,-5.684,0.0,0.0,-0.114,0.0,0.0,0.0,0.0,0.0,0.0,0.0,3.287,0.0,0.0,18.104,4.777,0.0,0.0,0.0,0.0,0.0,0.0,0.0,0.0,0.0,0.0,0.0,0.0,0.0,0.0,0.0,0.0,0.0,0.0,0.0,0.0,0.0,0.0,0.0,0.0,0.0,0.0,0.0,0.0,0.0,0.0,0.0,0.0,0.0,0.0,0.0,0.0,0.0,0.0,0.0,0.0,0.0,0.0,0.0,0.0,-0.787,0.0,0.0,1.152,-1.463,0.0,0.0,0.0,-0.114,0.0,-3.713,0.0,5.232,0.0,0.0,0.0,0.0,0.0,0.0,0.0,0.0,0.0,9.298,0.0,0.0,0.0,0.0,0.0,0.0,0.0,0.0,0.0,0.0,0.0,0.0,0.0,0.0,0.0,0.0,0.0,0.0,0.0,0.0,0.0,0.0,0.0,0.0,0.0,0.0,0.0,0.0,0.0,0.0,0.0,0.0,0.0,0.0,0.0,0.0,0.0,0.0,0.0,0.0,0.0,0.0,0.0,0.0,0.0,0.0,-0.787,0.0,-2.197,0.0,0.0,0.0,-3.713,0.0,0.0,0.0,0.0,0.0,0.0,3.287,0.0,0.0,0.523,0.0,4.777,0.0,0.0,0.0,0.0,0.0,0.0,0.0,0.0,0.0,0.0,0.0,0.0,0.0,0.0,0.0,0.0,0.0,0.0,0.0,0.0,0.0,0.0,0.0,0.0,0.0,0.0,0.0,0.0,0.0,0.0,0.0,0.0,0.0,0.0,0.0,0.0,0.0,0.0,0.0,-9.17296710968338,27.402,13.701,17.414,-0.149,-0.018,0.114,-0.339,-0.252,0.001,-0.235,-0.247,-0.246,0.022,-0.307,-0.044,0.055,0.166,-0.219,-0.321,0.886,0.919,0.914,1.313,1.061,1.059,0.666,0.959,0.944,0.9,1.264,0.971,1.121,0.858,0.886,1.097,0.946,0.94,1.188,0.91,1.123,1.66,3.0,0.745,-0.259,0.48,0.249,0.326,-0.394,0.351,-0.383,-0.003,0.059,-0.246,-0.176,0.351,0.211,11.423,44.501,6.228,17.058,0.0,0.0,0.0,0.0,12.341,0.0,0.0,5.818,20.684,4.795,13.765,0.0,0.0,6.066,6.197,6.607,11.922,6.104,6.228,0.0,11.612,36.655,5.818,4.567,12.263,0.0,0.0,0.0,0.0,32.702,4.21,1.152,-0.787,0.0,1.619,gemcitabine,Nc1ccn(C2OC(CO)C(O)C2(F)F)c(=O)n1,1
5,0.5555555555555556,0.0,1.0,1.0,0.0,1.0,1.0,3.0,3.0,1.0,0.0,0.0,0.0,2.0,0.0,0.0,0.0,0.0,0.0,0.0,0.0,0.0,0.0,1.0,0.0,0.0,0.0,0.0,0.0,0.0,0.0,0.0,0.0,0.0,0.0,0.0,0.0,0.0,0.0,0.0,0.0,0.0,0.0,0.0,0.0,0.0,0.0,0.0,0.0,0.0,0.0,0.0,0.0,0.0,0.0,0.0,0.0,0.0,0.0,0.0,0.0,0.0,0.0,2.3196952658217853,4.9839785209472085,15.57705782580294,15.007591973753232,0.0,0.0,0.0,5.817862777835028,0.0,0.0,-3.2663728269085426,0.05369758860334284,0.3512126938330889,-1.309931027966743,13.536,0.0,0.0,4.0,0.0,0.444,1.928,0.0,0.024,0.0,0.0,0.045,0.017,3.9630000591278076,1.8240000009536743,3.992000102996826,2.062999963760376,3.7730000019073486,0.829,0.959,0.973,1.807,3.565,4.07,0.0,0.0,0.0,0.0,0.0,0.0,0.0,-0.453,0.0,0.0,-4.577,0.0,0.0,0.054,0.0,0.0,0.0,0.0,0.0,0.0,0.0,3.478,0.0,0.0,28.154,5.174,0.0,0.0,0.0,0.0,0.0,0.0,0.0,0.0,0.0,0.0,0.0,0.0,0.0,0.0,0.0,0.0,0.0,0.0,0.0,0.0,0.0,0.0,0.0,0.0,0.0,0.0,0.0,0.0,0.0,0.0,0.0,0.0,0.0,0.0,0.0,0.0,0.0,0.0,0.0,0.0,0.0,0.0,0.0,0.0,-0.453,0.0,0.0,1.371,-0.931,0.0,0.0,0.0,0.054,0.0,0.0,0.0,5.324,0.0,0.0,0.0,0.0,0.0,0.0,0.0,0.0,0.0,9.701,0.0,0.0,0.0,0.0,0.0,0.0,0.0,0.0,0.0,0.0,0.0,0.0,0.0,0.0,0.0,0.0,0.0,0.0,0.0,0.0,0.0,0.0,0.0,0.0,0.0,0.0,0.0,0.0,0.0,0.0,0.0,0.0,0.0,0.0,0.0,0.0,0.0,0.0,0.0,0.0,0.0,0.0,0.0,0.0,0.0,0.0,-0.453,0.0,-1.31,0.0,0.0,0.0,0.0,0.0,0.0,0.0,0.0,0.0,0.0,3.478,0.0,0.0,1.014,0.0,5.174,0.0,0.0,0.0,0.0,0.0,0.0,0.0,0.0,0.0,0.0,0.0,0.0,0.0,0.0,0.0,0.0,0.0,0.0,0.0,0.0,0.0,0.0,0.0,0.0,0.0,0.0,0.0,0.0,0.0,0.0,0.0,0.0,0.0,0.0,0.0,0.0,0.0,0.0,0.0,-2.988605809607794,0.0,11.511,12.821,-0.235,-0.101,0.006,-0.025,-0.122,0.072,-0.362,-0.278,-0.124,0.071,-0.365,-0.041,-0.075,0.019,-0.099,-0.32,1.022,0.919,0.999,1.03,0.987,1.131,1.225,1.014,0.92,0.995,1.034,0.988,1.134,0.921,1.228,1.127,0.899,1.055,0.964,0.971,1.085,6.569,3.0,0.745,-0.288,0.634,0.251,0.215,-0.394,0.351,-0.383,-0.003,0.059,-0.246,-0.176,0.351,0.211,11.423,49.789,6.228,17.058,0.0,0.0,0.0,0.0,12.341,0.0,0.0,5.818,25.79,4.795,4.984,0.0,0.0,6.066,6.197,6.607,24.13,6.228,0.0,0.0,5.69,36.836,5.818,0.0,4.567,12.263,0.0,0.0,0.0,6.188,4.63,1.371,-0.453,0.0,1.596,araC,Nc1ccn(C2OC(CO)C(O)C2O)c(=O)n1,1
6,0.5581395348837209,3.0,0.0,2.0,0.0,1.0,3.0,4.0,3.0,0.0,0.0,0.0,0.0,0.0,1.0,0.0,0.0,0.0,0.0,0.0,1.0,0.0,0.0,0.0,0.0,0.0,0.0,0.0,0.0,0.0,0.0,3.0,0.0,0.0,0.0,0.0,0.0,0.0,0.0,1.0,1.0,0.0,0.0,0.0,0.0,0.0,0.0,0.0,0.0,0.0,0.0,0.0,0.0,0.0,0.0,0.0,0.0,0.0,0.0,0.0,0.0,0.0,0.0,1.4857057667213098,5.316788604006331,23.684314769000245,44.39879549972193,0.0,0.0,0.0,4.794537184071822,0.0,0.0,-11.482330648139211,0.06371904860811739,0.40774710722156504,-2.3534381141562335,13.008,0.0,0.0,5.0,0.0,0.5,1.951,0.78,0.975,0.0,0.083,0.0,0.124,4.025000095367432,1.9839999675750732,4.074999809265137,2.1019999980926514,3.9760000705718994,0.676,0.861,0.879,1.477,3.177,4.592,0.0,0.0,0.0,0.0,0.0,0.0,0.0,-1.001,0.0,0.0,-12.74,0.0,0.0,0.412,0.0,0.0,0.0,2.537,0.0,0.0,0.0,0.0,0.0,0.0,49.026,29.508,0.0,0.0,0.0,0.0,0.0,0.0,0.0,0.0,0.0,0.0,0.0,0.0,0.0,0.0,0.0,0.0,0.0,0.0,0.0,0.0,0.0,0.0,0.0,0.0,0.0,0.0,0.0,0.0,0.0,0.0,0.0,0.0,0.0,0.0,0.0,0.0,0.0,0.0,0.0,0.0,0.0,0.0,0.0,0.0,-0.185,0.0,0.0,1.705,-0.991,0.0,0.0,0.16,0.332,0.0,-0.914,0.0,0.0,0.0,0.0,2.537,0.0,0.0,0.0,0.0,0.0,0.0,13.44,0.0,0.0,0.0,0.0,0.0,0.0,0.0,0.0,0.0,0.0,0.0,0.0,0.0,0.0,0.0,0.0,0.0,0.0,0.0,0.0,0.0,0.0,0.0,0.0,0.0,0.0,0.0,0.0,0.0,0.0,0.0,0.0,0.0,0.0,0.0,0.0,0.0,0.0,0.0,0.0,0.0,0.0,0.0,0.0,1.154,0.0,-0.526,0.0,-2.044,0.0,0.0,-1.242,-2.353,0.0,0.0,0.0,0.0,0.0,0.0,0.0,0.0,0.0,0.0,0.0,5.395,0.0,0.0,0.0,0.0,0.0,0.0,0.0,0.0,0.0,0.0,0.0,0.0,0.0,0.0,0.0,0.0,0.0,0.0,0.0,0.0,0.0,0.0,0.0,0.0,0.0,0.0,0.0,0.0,0.0,0.0,0.0,0.0,0.0,0.0,0.0,0.0,0.0,0.0,0.0,1.4365862351809056,0.0,14.945,17.299,-0.092,0.049,-0.025,-0.215,0.052,0.038,0.018,-0.095,0.053,0.039,0.018,0.06,-0.026,-0.014,0.047,0.018,0.83,0.821,0.937,1.251,1.174,1.04,0.954,0.83,0.822,0.936,1.251,1.174,1.04,1.008,0.954,0.839,0.815,0.942,1.251,1.167,1.035,10.625,4.248,0.864,-0.178,1.869,0.097,0.747,-0.456,0.408,-0.311,-0.062,0.024,-0.225,-0.311,0.408,0.212,5.317,110.244,90.195,71.81,0.0,0.0,0.0,0.0,6.607,0.0,0.0,29.784,49.427,14.384,0.0,0.0,62.378,63.461,25.18,35.649,35.618,17.488,0.0,0.0,24.001,112.422,29.737,5.563,6.924,25.98,83.15,0.0,0.0,29.508,-8.136,14.627,11.79,0.0,4.708,docetaxel,CC(=O)OC12COC1CC(O)C1(C)C(=O)C(O)C3=C(C)C(OC(=O)C(O)C(NC(=O)OC(C)(C)C)c4ccccc4)CC(O)(C(OC(=O)c4ccccc4)C21)C3(C)C,1
7,0.7407407407407407,0.0,1.0,1.0,0.0,2.0,2.0,2.0,2.0,0.0,0.0,0.0,0.0,1.0,0.0,0.0,0.0,0.0,0.0,0.0,0.0,0.0,0.0,0.0,1.0,0.0,0.0,0.0,0.0,0.0,0.0,1.0,0.0,0.0,0.0,0.0,0.0,0.0,0.0,1.0,1.0,0.0,1.0,0.0,0.0,0.0,0.0,0.0,0.0,0.0,0.0,0.0,0.0,0.0,0.0,0.0,0.0,0.0,0.0,0.0,0.0,0.0,0.0,1.8543203562410289,11.907715720637832,9.473725907600098,19.802129157825057,0.0,0.0,0.0,0.0,0.0,11.336785877934737,1.9840372681650846,0.04553583238851111,0.3085519962517562,-1.2278439698946102,13.325,0.0,0.0,2.0,0.0,0.467,1.901,0.311,0.398,0.118,0.0,0.079,0.0,4.205999851226807,1.7949999570846558,3.946000099182129,1.9329999685287476,3.874000072479248,0.669,0.859,0.861,1.464,2.888,4.183,0.0,0.0,0.0,0.0,0.0,0.0,0.0,2.667,0.0,1.925,-3.331,0.0,0.0,1.779,0.0,0.0,0.0,0.0,0.0,0.0,0.0,4.485,0.0,0.0,21.691,11.922,0.0,0.0,0.0,0.0,0.0,0.0,0.0,0.0,0.0,0.0,0.0,0.0,0.0,0.0,0.0,0.0,0.0,0.0,0.0,0.0,0.0,0.0,0.0,0.0,0.0,0.0,0.0,0.0,0.0,0.0,0.0,0.0,0.0,0.0,0.0,0.0,0.0,0.0,0.0,0.0,0.0,0.0,0.0,0.0,0.857,0.0,1.925,1.961,-0.046,0.0,0.0,0.859,0.959,0.0,-0.299,0.0,0.0,0.0,0.0,0.0,0.0,0.0,0.0,0.0,0.0,0.0,10.871,0.0,0.0,0.0,0.0,0.0,0.0,0.0,0.0,0.0,0.0,0.0,0.0,0.0,0.0,0.0,0.0,0.0,0.0,0.0,0.0,0.0,0.0,0.0,0.0,0.0,0.0,0.0,0.0,0.0,0.0,0.0,0.0,0.0,0.0,0.0,0.0,0.0,0.0,0.0,0.0,0.0,0.0,0.0,0.0,1.626,0.0,-0.306,0.0,-1.228,0.0,0.0,-0.568,-1.202,0.0,0.0,0.0,0.0,0.0,0.0,4.485,0.0,0.0,0.0,0.0,5.866,0.0,0.0,0.0,0.0,0.0,0.0,0.0,0.0,0.0,0.0,0.0,0.0,1.558,0.0,0.0,0.0,0.0,0.0,0.0,0.0,0.0,0.0,0.0,0.0,0.0,0.0,0.0,0.0,0.0,0.0,0.0,0.0,0.0,0.0,0.0,0.0,0.0,0.0,0.0,16.371824074455386,0.0,13.213,14.441,-0.077,-0.031,-0.057,0.039,0.082,-0.059,0.104,-0.069,0.168,-0.1,0.099,-0.069,-0.159,-0.142,0.051,-0.083,0.978,0.981,0.5,0.403,0.738,0.539,0.976,0.789,0.891,1.27,0.779,1.413,0.882,1.155,0.932,0.77,0.948,0.972,0.63,1.112,0.849,20.048,3.17,0.767,-0.144,0.803,0.059,0.205,-0.458,0.309,-0.242,-0.06,0.023,-0.252,-0.242,0.309,0.211,0.0,56.966,84.348,10.953,0.0,6.076,0.0,0.0,0.0,0.0,0.0,29.165,19.687,4.984,0.0,11.337,34.116,51.18,17.719,46.45,11.887,0.0,0.0,0.0,5.969,35.614,29.827,6.421,35.537,0.0,32.108,32.227,0.0,11.922,0.179,0.0,12.836,0.0,4.013,epothiloneB,CC(=Cc1csc(C)n1)C1CC2OC2(C)CCCC(C)C(O)C(C)C(=O)C(C)(C)C(O)CC(=O)O1,1
8,0.5869565217391305,1.0,1.0,3.0,0.0,2.0,3.0,2.0,0.0,0.0,0.0,0.0,0.0,3.0,1.0,0.0,0.0,1.0,0.0,0.0,0.0,0.0,0.0,1.0,0.0,0.0,0.0,0.0,0.0,0.0,0.0,3.0,0.0,0.0,0.0,0.0,0.0,0.0,0.0,0.0,0.0,0.0,0.0,0.0,0.0,0.0,0.0,0.0,0.0,0.0,0.0,0.0,1.0,0.0,0.0,0.0,0.0,0.0,0.0,0.0,0.0,0.0,0.0,1.3637618830141263,39.068572333239146,18.947451815200196,19.802129157825053,0.0,0.0,0.0,5.687386274683562,5.749511833283905,0.0,5.944736805409448,0.09862269637678267,0.3436112263225902,-2.301098412712735,12.755,0.0,0.0,3.0,0.0,0.5,2.085,0.492,2.413,0.0,0.0,0.128,0.149,4.156000137329102,1.9630000591278076,4.190000057220459,2.0450000762939453,4.111999988555908,0.752,0.913,0.926,1.483,3.175,5.169,0.0,0.0,0.0,0.0,0.0,0.0,0.0,6.387,0.0,4.106,-2.593,0.0,0.0,4.464,0.0,0.0,0.0,0.0,0.0,0.0,0.0,0.0,0.0,0.0,25.305,23.937,0.0,0.0,0.0,0.0,0.0,0.0,0.0,0.0,0.0,0.0,0.0,0.0,0.0,0.0,0.0,0.0,0.0,0.0,0.0,0.0,0.0,0.0,0.0,0.0,0.0,0.0,0.0,0.0,0.0,0.0,0.0,0.0,0.0,0.0,0.0,0.0,0.0,0.0,0.0,0.0,0.0,0.0,0.0,0.0,0.71,0.0,2.054,2.105,-0.099,0.0,0.0,-0.441,1.019,1.026,-0.908,0.0,0.0,0.0,0.0,0.0,3.752,0.0,0.0,0.0,0.0,0.0,13.329,0.0,0.0,0.0,0.0,0.0,0.0,0.0,0.0,0.0,0.0,0.0,0.0,0.0,0.0,0.0,0.0,0.0,0.0,0.0,0.0,0.0,0.0,0.0,0.0,0.0,0.0,0.0,0.0,0.0,0.0,0.0,0.0,0.0,0.0,0.0,0.0,0.0,0.0,0.0,0.0,0.0,0.0,0.0,0.0,1.255,0.0,0.331,0.0,-1.264,0.0,0.0,-0.876,-2.301,0.0,0.0,0.0,0.0,0.0,0.0,0.0,1.944,0.0,0.0,0.0,5.469,0.0,0.0,0.0,0.0,0.0,0.0,0.0,0.0,0.0,0.0,0.0,0.0,0.0,0.0,0.0,0.0,0.0,0.0,0.0,0.0,0.0,0.0,0.0,0.0,0.0,0.0,0.0,0.0,0.0,0.0,0.0,0.0,0.0,0.0,0.0,0.0,0.0,0.0,0.0,29.513523064884307,0.0,15.322,17.623,-0.124,0.086,0.03,0.052,-0.064,-0.006,0.037,-0.141,-0.065,-0.007,0.037,0.054,0.01,-0.141,-0.051,0.028,0.858,0.668,0.802,0.822,1.198,1.068,0.893,0.854,0.664,0.799,0.823,1.198,1.069,1.007,0.892,0.921,0.725,0.851,0.813,1.194,1.051,12.313,4.392,0.84,-0.171,1.372,0.439,0.504,-0.496,0.344,-0.367,-0.076,0.023,-0.249,-0.295,0.344,0.212,9.637,133.395,75.26,48.55,0.0,10.903,0.0,0.0,66.001,0.0,5.75,34.498,39.044,4.795,0.0,0.0,44.199,74.247,90.936,32.972,11.165,6.104,5.601,0.0,17.908,57.501,11.96,82.562,33.411,21.143,7.11,50.061,4.795,23.937,-1.625,10.953,8.625,6.153,4.889,vinblastine,CCC1(O)CC2CN(CCc3c([nH]c4ccccc34)C(C(=O)OC)(c3cc4c(cc3OC)N(C)C3C(O)(C(=O)OC)C(OC(C)=O)C5(CC)C=CCN6CCC43C65)C2)C1,1
9,0.5333333333333333,1.0,1.0,3.0,0.0,1.0,2.0,1.0,0.0,0.0,0.0,0.0,0.0,3.0,1.0,0.0,0.0,1.0,0.0,0.0,0.0,0.0,0.0,1.0,0.0,0.0,0.0,0.0,0.0,0.0,0.0,3.0,0.0,0.0,0.0,0.0,0.0,0.0,0.0,0.0,0.0,0.0,0.0,0.0,0.0,0.0,0.0,0.0,0.0,0.0,0.0,0.0,0.0,0.0,0.0,0.0,0.0,0.0,0.0,0.0,0.0,0.0,0.0,1.3697089390408743,58.13469670822526,18.947451815200196,14.69560176298435,0.0,0.0,0.0,5.687386274683562,5.749511833283905,0.0,7.67191080620672,0.02841434066025439,0.3436112263225902,-2.2744897120699434,12.711,0.0,0.0,2.0,0.0,0.5,2.103,0.316,2.242,0.0,0.0,0.128,0.14,4.1579999923706055,1.9730000495910645,4.191999912261963,2.053999900817871,4.11299991607666,0.759,0.912,0.927,1.48,3.142,5.159,0.0,0.0,0.0,0.0,0.0,0.0,0.0,6.091,0.0,6.488,-2.384,0.0,0.0,4.697,0.0,0.0,0.0,0.0,0.0,0.0,0.0,0.0,0.0,0.0,13.291,23.885,0.0,0.0,0.0,0.0,0.0,0.0,0.0,0.0,0.0,0.0,0.0,0.0,0.0,0.0,0.0,0.0,0.0,0.0,0.0,0.0,0.0,0.0,0.0,0.0,0.0,0.0,0.0,0.0,0.0,0.0,0.0,0.0,0.0,0.0,0.0,0.0,0.0,0.0,0.0,0.0,0.0,0.0,0.0,0.0,0.917,0.0,2.357,2.135,0.028,0.0,0.0,1.344,1.055,1.061,-0.87,0.0,0.0,0.0,0.0,0.0,3.758,0.0,0.0,0.0,0.0,0.0,13.291,0.0,0.0,0.0,0.0,0.0,0.0,0.0,0.0,0.0,0.0,0.0,0.0,0.0,0.0,0.0,0.0,0.0,0.0,0.0,0.0,0.0,0.0,0.0,0.0,0.0,0.0,0.0,0.0,0.0,0.0,0.0,0.0,0.0,0.0,0.0,0.0,0.0,0.0,0.0,0.0,0.0,0.0,0.0,0.0,1.265,0.0,0.429,0.0,-1.243,0.0,0.0,-0.859,-2.274,0.0,0.0,0.0,0.0,0.0,0.0,0.0,1.961,0.0,0.0,0.0,5.464,0.0,0.0,0.0,0.0,0.0,0.0,0.0,0.0,0.0,0.0,0.0,0.0,0.0,0.0,0.0,0.0,0.0,0.0,0.0,0.0,0.0,0.0,0.0,0.0,0.0,0.0,0.0,0.0,0.0,0.0,0.0,0.0,0.0,0.0,0.0,0.0,0.0,0.0,0.0,35.03769668825114,0.0,15.172,17.446,-0.13,0.117,0.023,0.077,-0.028,-0.062,0.035,-0.146,-0.029,-0.064,0.035,0.082,-0.006,-0.157,-0.011,0.028,0.877,0.623,0.817,0.831,1.274,1.051,0.88,0.873,0.619,0.814,0.833,1.274,1.053,1.037,0.879,0.942,0.688,0.877,0.815,1.265,1.023,18.247,4.459,0.84,-0.166,1.221,0.435,0.507,-0.496,0.344,-0.367,-0.08,0.023,-0.249,-0.294,0.344,0.212,9.637,116.143,68.839,60.199,0.0,10.903,0.0,0.0,59.456,0.0,5.75,34.498,33.938,4.795,0.0,0.0,55.848,61.406,90.936,27.371,11.165,6.104,5.601,0.0,17.908,45.93,17.929,50.21,52.921,26.716,7.11,37.07,4.795,23.885,1.048,11.152,9.191,6.224,4.834,vinorelbine,CCC1=CC2CN(C1)Cc1c([nH]c3ccccc13)C(C(=O)OC)(c1cc3c(cc1OC)N(C)C1C(O)(C(=O)OC)C(OC(C)=O)C4(CC)C=CCN5CCC31C54)C2,1
10,0.46153846153846156,0.0,0.0,1.0,0.0,0.0,0.0,0.0,0.0,0.0,1.0,0.0,0.0,1.0,0.0,0.0,0.0,0.0,0.0,0.0,0.0,0.0,0.0,0.0,0.0,0.0,0.0,0.0,0.0,0.0,0.0,0.0,0.0,0.0,0.0,0.0,0.0,0.0,0.0,0.0,0.0,0.0,0.0,0.0,0.0,0.0,0.0,0.0,0.0,0.0,0.0,0.0,0.0,0.0,0.0,0.0,0.0,0.0,0.0,0.0,0.0,0.0,0.0,3.0653305378819273,0.0,5.106527394840706,13.212334168400758,0.0,0.0,0.0,0.0,0.0,0.0,1.4849990026874946,0.08007689804316831,0.33517964490039753,-3.5274281934996217,14.011,0.0,0.0,1.0,0.0,0.5,1.815,0.167,0.077,0.0,0.0,0.0,0.028,4.638999938964844,1.9160000085830688,4.017000198364258,1.9789999723434448,4.007999897003174,0.704,0.752,0.752,1.647,2.852,3.695,0.0,0.0,0.0,0.0,0.0,0.0,0.0,2.423,0.0,0.0,0.0,0.0,0.0,0.218,0.0,0.0,0.0,0.0,0.0,0.0,0.0,0.0,0.0,0.0,8.796,0.0,0.0,0.0,0.0,0.0,0.0,0.0,0.0,0.0,0.0,0.0,0.0,0.0,0.0,0.0,0.0,0.0,0.0,0.0,0.0,0.0,0.0,0.0,0.0,0.0,0.0,0.0,0.0,0.0,0.0,0.0,0.0,0.0,0.0,0.0,0.0,0.0,0.0,0.0,0.0,0.0,0.0,0.0,0.0,0.0,0.742,0.0,0.0,1.344,0.0,0.0,0.0,-1.067,0.138,0.0,0.0,0.0,0.0,0.0,0.0,0.0,0.0,0.0,0.0,0.0,0.0,0.0,8.796,0.0,0.0,0.0,0.0,0.0,0.0,0.0,0.0,0.0,0.0,0.0,0.0,0.0,0.0,0.0,0.0,0.0,0.0,0.0,0.0,0.0,0.0,0.0,0.0,0.0,0.0,0.0,0.0,0.0,0.0,0.0,0.0,0.0,0.0,0.0,0.0,0.0,0.0,0.0,0.0,0.0,0.0,0.0,0.0,1.922,0.0,0.469,0.0,0.0,0.0,0.0,-1.067,0.0,0.0,0.0,0.0,0.0,0.0,0.0,0.0,1.433,0.0,0.0,0.0,0.0,0.0,0.0,0.0,0.0,0.0,0.0,0.0,0.0,0.0,0.0,0.0,0.0,0.0,0.0,0.0,0.0,0.0,0.0,0.0,0.0,0.0,0.0,0.0,0.0,0.0,0.0,0.0,0.0,0.0,0.0,0.0,0.0,0.0,0.0,0.0,0.0,0.0,0.0,0.0,10.729836293256206,0.0,12.372,15.899,0.182,-0.201,-0.26,-0.207,0.325,0.165,0.001,-0.189,0.085,1.355,-0.381,0.371,-0.107,-0.105,-0.512,-0.211,1.545,1.488,1.431,1.19,0.554,0.789,0.182,0.573,0.606,1.31,1.351,1.087,0.616,0.108,1.442,1.577,0.744,1.157,1.093,0.772,1.293,4.82,3.322,0.813,-0.133,0.374,0.039,0.142,-0.478,0.335,-0.198,-0.064,0.023,-0.207,-0.198,0.335,0.297,0.0,36.888,37.047,29.161,0.0,0.0,0.0,0.0,13.09,0.0,0.0,15.993,5.107,13.212,4.305,0.0,13.847,37.107,13.09,10.459,0.0,0.0,10.023,0.0,5.969,15.993,10.459,13.09,12.842,28.571,0.0,13.847,0.0,26.177,0.08,5.31,4.783,-3.527,2.341,﻿Probenecid,CCCN(CCC)S(=O)(=O)c1ccc(C(=O)O)cc1,0
11,0.5,0.0,2.0,2.0,0.0,2.0,2.0,1.0,1.0,1.0,0.0,0.0,0.0,4.0,0.0,0.0,0.0,0.0,0.0,0.0,0.0,0.0,0.0,1.0,0.0,0.0,0.0,0.0,0.0,0.0,0.0,0.0,0.0,0.0,0.0,0.0,0.0,0.0,0.0,0.0,0.0,0.0,0.0,0.0,0.0,0.0,0.0,0.0,0.0,0.0,0.0,0.0,0.0,0.0,0.0,0.0,0.0,0.0,0.0,0.0,0.0,0.0,0.0,1.7121030702404194,19.475682724553444,14.994277592674052,14.56498728252451,0.0,0.0,0.0,5.817862777835028,0.0,7.822697123132171,-1.0670766495898785,0.1569869614512469,0.385537762919492,-4.163756740607765,14.414,0.0,0.0,3.0,0.0,0.5,2.109,0.25,0.21,0.0,0.0,0.074,0.067,4.38100004196167,1.781000018119812,4.086999893188477,1.9859999418258667,3.9030001163482666,0.884,0.965,0.954,2.048,3.749,4.499,0.0,0.0,0.0,0.0,0.0,0.0,0.0,-0.157,0.0,0.0,-3.74,0.0,0.0,0.202,0.0,0.0,0.0,0.0,0.0,0.0,0.0,11.988,0.0,0.0,19.708,15.232,0.0,0.0,0.0,0.0,0.0,0.0,0.0,0.0,0.0,0.0,0.0,0.0,0.0,0.0,0.0,0.0,0.0,0.0,0.0,0.0,0.0,0.0,0.0,0.0,0.0,0.0,0.0,0.0,0.0,0.0,0.0,0.0,0.0,0.0,0.0,0.0,0.0,0.0,0.0,0.0,0.0,0.0,0.0,0.0,-0.157,0.0,0.0,1.403,-0.675,0.0,0.0,0.0,0.202,0.378,0.0,0.0,5.71,0.0,0.0,0.0,0.0,0.0,0.0,0.0,0.0,0.0,10.356,0.0,0.0,0.0,0.0,0.0,0.0,0.0,0.0,-4.164,0.0,0.0,0.0,0.0,0.0,0.0,0.0,0.0,0.0,0.0,0.0,0.0,0.0,0.0,0.0,0.0,0.0,0.0,0.0,0.0,0.0,0.0,0.0,0.0,0.0,0.0,0.0,0.0,0.0,0.0,0.0,0.0,0.0,0.0,0.0,0.0,0.0,-0.157,0.0,-1.192,0.0,0.0,0.0,0.0,0.0,0.0,0.0,0.0,0.0,0.0,3.83,0.0,0.0,1.474,0.0,4.682,0.0,0.0,0.0,0.0,0.0,0.0,0.0,0.0,0.0,0.0,0.0,0.0,0.0,0.0,0.0,0.0,0.0,0.0,0.0,0.0,0.0,0.0,0.0,0.0,0.0,0.0,0.0,0.0,0.0,0.0,0.0,0.0,0.0,0.0,0.0,0.0,0.0,0.0,0.0,-0.2707651792712955,0.0,11.46,15.624,0.33,-0.04,-0.094,0.048,-0.2,-0.212,-0.437,-0.574,0.061,-0.301,-0.043,0.207,0.07,0.039,0.199,0.294,1.227,0.68,0.736,0.917,0.469,1.15,1.756,1.366,0.643,0.854,1.166,0.87,0.867,1.268,1.1,1.945,0.532,0.658,1.136,0.666,0.748,0.668,3.585,0.858,-0.287,0.57,0.375,0.179,-0.386,0.472,-0.382,0.088,0.06,-0.228,-0.216,0.167,0.223,5.734,54.438,6.228,12.655,0.0,11.164,0.0,0.0,12.341,0.0,0.0,24.804,20.47,19.517,0.0,0.0,0.0,0.0,0.0,12.934,30.156,17.693,0.0,0.0,7.823,32.362,12.425,11.164,0.0,17.222,0.0,0.0,0.0,28.166,6.462,0.0,-0.157,-4.164,2.671,cAMP,Nc1ncnc2c1ncn2C1OC2COP(=O)(O)OC2C1O,0
12,0.8333333333333334,0.0,0.0,0.0,0.0,1.0,1.0,4.0,4.0,0.0,1.0,0.0,0.0,0.0,0.0,0.0,0.0,0.0,0.0,0.0,0.0,0.0,0.0,0.0,0.0,0.0,0.0,0.0,0.0,0.0,0.0,0.0,0.0,0.0,0.0,0.0,0.0,0.0,0.0,0.0,0.0,0.0,0.0,0.0,0.0,0.0,0.0,0.0,0.0,0.0,0.0,0.0,0.0,0.0,0.0,0.0,0.0,0.0,0.0,0.0,0.0,0.0,0.0,2.757578124770353,4.736862953800049,25.532636974203527,4.794537184071822,0.0,0.0,0.0,0.0,0.0,0.0,-8.722916666666666,1.516203703703703,0.3352909901545221,-1.8060185185185185,14.158,0.0,0.0,5.0,0.0,0.333,1.751,0.0,0.0,0.0,0.0,0.0,0.026,3.742000102996826,1.682,3.804,1.9149999618530273,3.5999999046325684,0.642,0.904,0.942,1.55,2.661,2.904,0.0,0.0,0.0,0.0,0.0,0.0,0.0,0.0,0.0,0.0,-8.723,0.0,0.0,0.0,0.0,0.0,0.0,0.0,0.0,0.0,0.0,0.0,0.0,0.0,44.36,4.339,0.0,0.0,0.0,0.0,0.0,0.0,0.0,0.0,0.0,0.0,0.0,0.0,0.0,0.0,0.0,0.0,0.0,0.0,0.0,0.0,0.0,0.0,0.0,0.0,0.0,0.0,0.0,0.0,0.0,0.0,0.0,0.0,0.0,0.0,0.0,0.0,0.0,0.0,0.0,0.0,0.0,0.0,0.0,0.0,0.0,0.0,0.0,0.0,-1.703,0.0,0.0,-1.516,0.0,0.0,0.0,0.0,0.0,0.0,0.0,0.0,0.0,0.0,0.0,0.0,0.0,0.0,9.069,0.0,0.0,0.0,0.0,0.0,0.0,0.0,0.0,0.0,0.0,0.0,0.0,0.0,0.0,0.0,0.0,0.0,0.0,0.0,0.0,0.0,0.0,0.0,0.0,0.0,0.0,0.0,0.0,0.0,0.0,0.0,0.0,0.0,0.0,0.0,0.0,0.0,0.0,0.0,0.0,0.0,0.0,0.0,0.0,0.0,0.0,0.0,0.0,-1.806,0.0,0.0,-1.516,0.0,0.0,0.0,0.0,0.0,0.0,0.0,0.0,0.0,0.0,0.0,0.0,4.339,0.0,0.0,0.0,0.0,0.0,0.0,0.0,0.0,0.0,0.0,0.0,0.0,0.0,0.0,0.0,0.0,0.0,0.0,0.0,0.0,0.0,0.0,0.0,0.0,0.0,0.0,0.0,0.0,0.0,0.0,0.0,0.0,0.0,0.0,0.0,0.0,0.0,0.0,0.0,-10.23912037037037,0.0,10.374,12.18,-0.167,-0.234,0.032,-0.237,0.857,0.0,0.0,-0.167,0.857,0.0,0.0,-0.234,0.032,0.161,0.857,0.0,1.143,1.173,0.884,1.114,0.696,0.0,0.0,1.143,1.173,0.884,1.114,0.696,0.0,0.0,0.0,1.143,1.173,0.884,1.114,0.696,0.0,9.791,1.0,0.814,-0.369,0.984,0.0,0.226,-0.479,0.335,0.0,0.114,0.066,-0.249,0.0,0.335,0.296,0.0,62.208,0.0,0.0,0.0,0.0,0.0,0.0,0.0,0.0,0.0,5.969,30.269,4.795,0.0,0.0,0.0,0.0,0.0,0.0,18.312,12.394,0.0,0.0,5.969,36.675,0.0,0.0,0.0,0.0,0.0,0.0,0.0,4.339,0.0,0.0,0.0,0.0,0.0,﻿Glucuronic acid,O=C(O)C1OC(O)C(O)C(O)C1O,0
13,0.7777777777777778,0.0,0.0,0.0,0.0,1.0,1.0,0.0,0.0,0.0,0.0,0.0,0.0,7.0,4.0,0.0,0.0,0.0,0.0,0.0,0.0,0.0,0.0,0.0,0.0,0.0,0.0,0.0,0.0,0.0,0.0,0.0,0.0,0.0,0.0,0.0,0.0,0.0,0.0,1.0,1.0,0.0,0.0,0.0,0.0,0.0,0.0,0.0,0.0,0.0,0.0,0.0,0.0,0.0,0.0,0.0,0.0,0.0,0.0,0.0,0.0,0.0,0.0,4.370091933457762,21.267154416025324,0.0,47.94537184071822,0.0,0.0,0.0,0.0,0.0,0.0,4.280011274129953,0.12811371029805318,0.2507152411149185,-1.816235910201318,12.823,0.0,0.0,4.0,0.0,0.292,1.767,0.0,0.319,0.0,0.0,0.0,0.0,3.8910000324249268,1.7710000276565552,3.9630000591278076,1.9639999866485596,3.7880001068115234,0.502,0.696,0.737,1.471,2.528,3.824,0.0,0.0,0.0,0.0,0.0,0.0,0.0,0.225,0.0,3.493,-15.933,0.0,0.0,0.0,0.0,0.0,0.0,10.958,0.0,0.0,0.0,0.0,0.0,0.0,0.0,0.0,0.0,0.0,0.0,0.0,0.0,0.0,0.0,0.0,0.0,0.0,0.0,0.0,0.0,0.0,0.0,0.0,0.0,0.0,0.0,0.0,0.0,0.0,0.0,0.0,0.0,0.0,0.0,0.0,0.0,0.0,0.0,0.0,0.0,0.0,0.0,0.0,0.0,0.0,0.0,0.0,0.0,0.0,0.0,0.0,0.208,0.0,1.748,0.0,-0.134,0.0,0.0,-0.592,0.0,0.0,0.0,0.0,0.0,0.0,0.0,2.851,0.0,0.0,0.0,0.0,0.0,0.0,0.0,0.0,0.0,0.0,0.0,0.0,0.0,0.0,0.0,0.0,0.0,0.0,0.0,0.0,0.0,0.0,0.0,0.0,0.0,0.0,0.0,0.0,0.0,0.0,0.0,0.0,0.0,0.0,0.0,0.0,0.0,0.0,0.0,0.0,0.0,0.0,0.0,0.0,0.0,0.0,0.0,0.0,0.0,0.0,0.0,1.288,0.0,-0.561,0.0,-1.816,0.0,0.0,-0.98,0.0,0.0,0.0,0.0,0.0,0.0,0.0,0.0,0.992,0.0,0.0,0.0,0.0,0.0,0.0,0.0,0.0,0.0,0.0,0.0,0.0,0.0,0.0,0.0,0.0,0.0,0.0,0.0,0.0,0.0,0.0,0.0,0.0,0.0,0.0,0.0,0.0,0.0,0.0,0.0,0.0,0.0,0.0,0.0,0.0,0.0,0.0,0.0,0.0,0.0,0.0,0.0,20.5577843650197,0.0,15.153,16.969,-0.164,0.084,0.036,-0.353,0.002,-0.274,0.225,-0.203,-0.003,-0.271,0.227,0.096,0.13,0.189,0.08,0.188,0.851,0.734,0.98,1.417,0.908,0.982,0.849,0.842,0.731,0.985,1.413,0.907,0.987,1.252,0.849,0.996,0.791,0.923,1.474,0.926,0.917,13.862,3.807,0.594,-0.155,0.905,1.238,0.924,-0.343,0.251,-0.343,-0.092,0.023,-0.272,-0.325,0.251,0.164,21.267,221.358,156.731,12.152,0.0,0.0,0.0,0.0,55.878,0.0,0.0,70.762,55.567,0.0,0.0,0.0,116.008,94.301,55.252,6.545,54.377,11.825,59.072,5.907,0.0,161.397,55.776,0.0,9.8,87.681,67.542,55.39,9.589,0.0,0.0,-12.731,30.76,9.799,5.116,PSC833,CC=CCC(C)C(=O)C1C(=O)NC(C(C)C)C(=O)N(C)CC(=O)N(C)C(CC(C)C)C(=O)NC(C(C)C)C(=O)N(C)C(CC(C)C)C(=O)NC(C)C(=O)NC(C)C(=O)N(C)C(CC(C)C)C(=O)N(C)C(CC(C)C)C(=O)N(C)C(C(C)C)C(=O)N1C,0
14,0.3181818181818182,0.0,2.0,3.0,0.0,0.0,0.0,1.0,0.0,0.0,0.0,0.0,0.0,2.0,0.0,0.0,0.0,0.0,0.0,0.0,0.0,0.0,0.0,0.0,1.0,0.0,0.0,0.0,0.0,0.0,0.0,1.0,0.0,0.0,0.0,0.0,0.0,0.0,0.0,0.0,0.0,0.0,1.0,0.0,0.0,0.0,0.0,0.0,0.0,0.0,0.0,1.0,0.0,0.0,0.0,2.0,0.0,0.0,0.0,0.0,0.0,0.0,0.0,1.8378360528605546,0.0,9.720841474747257,19.802129157825057,0.0,0.0,0.0,0.0,5.749511833283905,0.0,0.8263631911735715,0.11033686474793969,0.3426763382231193,-1.8320326769941224,12.836,0.0,0.0,2.0,0.0,0.5,2.099,0.118,0.427,0.0,0.0,0.04,0.072,4.158999919891357,2.0269999504089355,4.177999973297119,2.1110000610351562,4.085999965667725,0.815,0.936,0.936,1.571,3.315,4.573,0.0,0.0,0.0,0.0,0.0,0.0,0.0,1.042,0.0,0.0,0.0,0.0,0.0,4.016,0.0,0.0,0.0,0.0,0.0,0.0,0.0,4.761,0.0,0.0,20.85,5.104,0.0,0.0,0.0,0.0,0.0,0.0,0.0,0.0,0.0,0.0,0.0,0.0,0.0,0.0,0.0,0.0,0.0,0.0,0.0,0.0,0.0,0.0,0.0,0.0,0.0,0.0,0.0,0.0,0.0,0.0,0.0,0.0,0.0,0.0,0.0,0.0,0.0,0.0,0.0,0.0,0.0,0.0,0.0,0.0,0.716,0.0,0.0,1.753,0.0,0.0,0.0,-0.73,1.028,0.862,-1.832,0.0,0.0,0.0,0.0,0.0,0.0,0.0,0.0,0.0,0.0,0.0,10.937,0.0,0.0,0.0,0.0,0.0,0.0,0.0,0.0,0.0,0.0,0.0,0.0,0.0,0.0,0.0,0.0,0.0,0.0,0.0,0.0,0.0,0.0,0.0,0.0,0.0,0.0,0.0,0.0,0.0,0.0,0.0,0.0,0.0,0.0,0.0,0.0,0.0,0.0,0.0,0.0,0.0,0.0,0.0,0.0,1.683,0.0,-0.143,0.0,0.0,0.0,0.0,-0.73,-1.832,0.0,0.0,0.0,0.0,0.0,0.0,4.761,0.0,0.0,1.629,0.0,5.104,0.0,0.0,0.0,0.0,0.0,0.0,0.0,0.0,0.0,0.0,0.0,0.0,0.0,0.0,0.0,0.0,0.0,0.0,0.0,0.0,0.0,0.0,0.0,0.0,0.0,0.0,0.0,0.0,0.0,0.0,0.0,0.0,0.0,0.0,0.0,0.0,0.0,0.0,0.0,14.262502719016553,0.0,13.224,15.056,-0.072,0.041,-0.007,-0.061,-0.039,0.012,-0.291,-0.086,-0.04,0.007,-0.292,0.025,-0.023,0.066,-0.033,-0.272,0.723,0.712,0.902,0.937,0.838,1.046,1.36,0.719,0.709,0.899,0.936,0.837,1.046,0.972,1.364,0.781,0.763,0.933,0.966,0.867,1.053,5.511,4.322,0.851,-0.168,0.742,0.152,0.285,-0.508,0.343,-0.302,-0.062,0.023,-0.248,-0.246,0.343,0.293,5.559,25.733,42.522,29.06,0.0,22.291,0.0,0.0,0.0,0.0,17.137,16.872,19.517,9.779,0.0,0.0,13.847,42.671,16.513,29.013,12.356,5.601,0.0,5.559,5.969,11.57,24.336,35.48,22.03,0.0,35.756,6.924,0.0,6.733,2.467,6.747,3.924,0.0,3.317,sn38,CCc1c2c(nc3ccc(O)cc13)-c1cc3c(c(=O)n1C2)COC(=O)C3(O)CC,0
15,0.4444444444444444,2.0,0.0,2.0,0.0,1.0,1.0,2.0,1.0,0.0,0.0,0.0,0.0,0.0,0.0,0.0,0.0,0.0,0.0,0.0,0.0,0.0,0.0,0.0,0.0,0.0,0.0,0.0,0.0,0.0,0.0,0.0,0.0,0.0,0.0,0.0,0.0,0.0,0.0,3.0,1.0,0.0,0.0,0.0,0.0,0.0,0.0,0.0,0.0,0.0,0.0,2.0,0.0,0.0,0.0,0.0,0.0,0.0,0.0,0.0,0.0,0.0,0.0,1.68313414604775,0.0,19.944256338562333,34.809721131578286,0.0,0.0,0.0,0.0,17.248535499851716,0.0,-4.5311532570529325,0.014742956792018536,0.20163128145012893,-1.9994176981194483,13.113,0.0,0.0,5.0,0.0,0.5,1.998,0.144,0.534,0.0,0.0,0.0,0.123,4.078000068664551,2.0309998989105225,4.0960001945495605,2.1040000915527344,4.033999919891357,0.771,0.924,0.935,1.551,3.397,4.676,0.0,0.0,0.0,0.0,0.0,0.0,0.0,-0.679,0.0,0.0,-4.54,0.0,0.0,-2.151,0.0,0.0,0.0,0.0,0.0,0.0,0.0,0.0,0.0,0.0,44.123,17.064,0.0,0.0,0.0,0.0,0.0,0.0,0.0,0.0,0.0,0.0,0.0,0.0,0.0,0.0,0.0,0.0,0.0,0.0,0.0,0.0,0.0,0.0,0.0,0.0,0.0,0.0,0.0,0.0,0.0,0.0,0.0,0.0,0.0,0.0,0.0,0.0,0.0,0.0,0.0,0.0,0.0,0.0,0.0,0.0,0.065,0.0,0.0,1.522,-0.688,0.0,0.0,-0.615,0.124,0.0,-1.999,0.0,6.015,0.0,0.0,0.0,0.0,0.0,0.0,0.0,0.0,0.0,11.46,0.0,0.0,0.0,0.0,0.0,0.0,0.0,0.0,0.0,0.0,0.0,0.0,0.0,0.0,0.0,0.0,0.0,0.0,0.0,0.0,0.0,0.0,0.0,0.0,0.0,0.0,0.0,0.0,0.0,0.0,0.0,0.0,0.0,0.0,0.0,0.0,0.0,0.0,0.0,0.0,0.0,0.0,0.0,0.0,1.181,0.0,-0.42,0.0,-1.231,0.0,0.0,-0.735,-1.999,0.0,0.0,0.0,0.0,0.0,0.0,0.0,0.0,0.0,0.0,0.0,5.272,0.0,0.0,0.0,0.0,0.0,0.0,0.0,0.0,0.0,0.0,0.0,0.0,0.0,0.0,0.0,0.0,0.0,0.0,0.0,0.0,0.0,0.0,0.0,0.0,0.0,0.0,0.0,0.0,0.0,0.0,0.0,0.0,0.0,0.0,0.0,0.0,0.0,0.0,0.0,-2.8760066666194577,0.0,13.63,15.629,-0.064,-0.09,-0.142,-0.095,0.017,0.017,-0.058,-0.064,0.018,0.017,-0.058,-0.092,-0.137,0.126,0.01,-0.053,0.794,0.896,1.049,1.142,0.936,0.983,1.049,0.794,0.896,1.049,1.143,0.936,0.983,0.983,1.049,0.795,0.899,1.041,1.122,0.928,0.982,1.059,4.0,0.8,-0.271,1.55,0.106,0.261,-0.507,0.293,-0.325,-0.058,0.026,-0.288,-0.325,0.202,0.293,10.471,75.026,75.763,18.199,0.0,0.0,0.0,0.0,7.11,0.0,17.249,17.35,40.37,0.0,0.0,0.0,12.133,19.914,41.995,42.112,22.85,17.857,5.783,0.0,0.0,82.641,40.845,0.0,0.0,32.233,6.924,0.0,0.0,17.064,2.973,3.748,2.787,1.34,3.939,daunorubicin,COc1cccc2c1C(=O)c1c(O)c3c(c(O)c1C2=O)CC(O)(C(C)=O)CC3OC1CC(N)C(O)C(C)O1,0
16,0.36363636363636365,0.0,2.0,3.0,0.0,1.0,1.0,1.0,1.0,0.0,0.0,0.0,0.0,5.0,2.0,0.0,0.0,0.0,0.0,0.0,0.0,0.0,0.0,4.0,2.0,0.0,0.0,0.0,0.0,0.0,0.0,0.0,0.0,0.0,0.0,0.0,0.0,0.0,0.0,0.0,0.0,0.0,0.0,0.0,0.0,0.0,0.0,0.0,0.0,0.0,0.0,0.0,0.0,0.0,0.0,0.0,0.0,0.0,0.0,0.0,0.0,0.0,0.0,1.431592912890649,35.38533223255524,16.70746728507322,4.794537184071822,0.0,0.0,0.0,22.454670310192952,0.0,22.937725768167255,1.5315981931343652,0.17311797422773734,0.2669995457316883,-0.2666136091002893,13.994,0.0,0.0,3.0,0.0,0.474,2.061,0.0,0.237,0.0,0.0,0.079,0.088,4.234000205993652,1.8600000143051147,3.953000068664551,2.003000020980835,3.878999948501587,0.772,0.874,0.903,1.781,3.397,4.542,0.0,0.0,0.0,0.0,0.0,0.0,0.0,4.286,0.0,0.0,0.0,0.0,0.0,5.123,0.0,0.0,0.0,6.061,0.0,0.0,0.0,13.38,0.0,0.0,9.128,0.0,0.0,0.0,0.0,0.0,0.0,0.0,0.0,0.0,0.0,0.0,0.0,0.0,0.0,0.0,0.0,0.0,0.0,0.0,0.0,0.0,0.0,0.0,0.0,0.0,0.0,0.0,0.0,0.0,0.0,0.0,0.0,0.0,0.0,0.0,0.0,0.0,0.0,0.0,0.0,0.0,0.0,0.0,0.0,0.0,0.877,0.0,0.0,1.892,0.0,0.0,0.0,-0.267,0.889,0.0,0.0,0.0,0.0,0.0,0.0,3.195,0.0,0.0,0.0,0.0,0.0,0.0,9.128,0.0,0.0,0.0,0.0,0.0,0.0,0.0,0.0,0.0,0.0,0.0,0.0,0.0,0.0,0.0,0.0,0.0,0.0,0.0,0.0,0.0,0.0,0.0,0.0,0.0,0.0,0.0,0.0,0.0,0.0,0.0,0.0,0.0,0.0,0.0,0.0,0.0,0.0,0.0,0.0,0.0,0.0,0.0,0.0,1.851,0.0,0.173,0.0,0.0,0.0,0.0,-0.267,0.0,0.0,0.0,0.0,0.0,0.0,0.0,4.331,2.209,0.0,0.0,0.0,0.0,0.0,0.0,0.0,0.0,0.0,0.0,0.0,0.0,0.0,0.0,0.0,0.0,1.238,0.0,0.0,0.0,0.0,0.0,0.0,0.0,0.0,0.0,0.0,0.0,0.0,0.0,0.0,0.0,0.0,0.0,0.0,0.0,0.0,0.0,0.0,0.0,0.0,0.0,0.0,21.782918568140442,6.22,12.693,12.96,-0.066,-0.058,-0.002,-0.112,0.227,-0.099,-0.041,-0.233,-0.026,-0.014,-0.133,-0.023,-0.233,0.018,0.05,-0.117,0.731,0.962,0.961,1.121,1.078,1.228,0.755,0.939,0.76,0.867,1.07,1.058,0.801,0.859,1.06,0.917,1.02,1.128,0.935,1.117,1.323,10.98,4.248,0.662,-0.177,0.228,0.561,0.202,-0.395,0.267,-0.354,-0.06,0.028,-0.268,-0.216,0.267,0.21,15.533,70.196,21.06,30.462,5.023,0.0,0.0,0.0,54.864,0.0,0.0,51.3,20.64,14.952,0.0,0.0,35.07,25.477,38.79,23.514,22.337,5.132,0.0,5.907,0.0,0.0,12.514,38.906,37.56,17.534,6.066,32.047,0.0,0.0,1.488,7.367,8.028,0.0,3.499,dasatinib,Cc1nc(Nc2ncc(C(=O)Nc3c(C)cccc3Cl)s2)cc(N2CCN(CCO)CC2)n1,0
17,0.0,0.0,1.0,1.0,0.0,0.0,0.0,0.0,0.0,0.0,0.0,0.0,0.0,0.0,2.0,0.0,0.0,2.0,0.0,0.0,0.0,0.0,0.0,0.0,0.0,0.0,0.0,0.0,0.0,0.0,0.0,0.0,0.0,0.0,0.0,0.0,0.0,0.0,0.0,0.0,0.0,0.0,0.0,0.0,0.0,0.0,0.0,0.0,0.0,0.0,0.0,0.0,0.0,0.0,0.0,0.0,0.0,0.0,0.0,0.0,0.0,0.0,0.0,3.5238977189940166,0.0,0.0,13.979489415818463,0.0,0.0,0.0,4.39041504767482,0.0,0.0,0.7094907407407407,0.7070370370370369,0.3111557027192775,-1.0011574074074072,14.117,0.0,0.0,2.0,0.0,0.4,1.817,0.0,0.0,0.0,0.0,0.0,0.018,3.979,1.844,4.002,2.12,3.752,0.861,0.796,0.954,2.189,2.855,3.085,0.0,0.0,0.0,0.0,0.0,0.0,0.0,0.0,0.0,0.0,0.0,0.0,0.0,-0.991,0.0,0.0,0.0,0.0,0.0,0.0,0.0,0.0,0.0,0.0,0.0,0.0,0.0,0.0,0.0,0.0,0.0,0.0,0.0,0.0,0.0,0.0,0.0,0.0,0.0,0.0,0.0,0.0,0.0,0.0,0.0,0.0,0.0,0.0,0.0,0.0,0.0,0.0,0.0,0.0,0.0,0.0,0.0,0.0,0.0,0.0,0.0,0.0,0.0,0.0,0.0,0.0,0.0,0.0,0.0,0.0,0.0,0.0,0.0,0.709,0.0,0.0,0.0,0.0,-0.991,0.0,0.0,0.0,0.0,0.0,0.0,0.0,1.954,0.0,0.0,0.0,0.0,0.0,0.0,0.0,0.0,0.0,0.0,0.0,0.0,0.0,0.0,0.0,0.0,0.0,0.0,0.0,0.0,0.0,0.0,0.0,0.0,0.0,0.0,0.0,0.0,0.0,0.0,0.0,0.0,0.0,0.0,0.0,0.0,0.0,0.0,0.0,0.0,0.0,0.0,0.0,0.0,0.0,0.0,0.0,0.0,0.0,0.0,0.0,0.0,0.0,0.0,0.0,0.0,0.0,0.0,0.0,0.0,0.0,0.0,0.0,0.0,0.0,0.0,0.0,0.0,0.0,0.0,0.0,0.0,0.0,0.0,0.0,0.0,0.0,0.0,0.0,0.0,0.0,0.0,0.0,0.0,0.0,0.0,0.0,0.0,0.0,0.0,0.0,0.0,0.0,0.0,0.0,0.0,0.0,0.0,0.0,0.0,0.0,0.0,0.0,0.0,0.0,0.0,0.0,0.0,0.0,0.0,-1.9898148148148143,11.985,11.985,12.986,-0.173,-0.175,-0.052,-0.504,0.0,0.0,0.0,-0.305,0.0,0.0,0.0,-0.038,-0.127,1.511,0.0,0.0,0.882,0.914,1.071,1.411,0.739,0.0,0.0,0.949,0.891,1.092,1.394,0.264,0.0,0.0,0.0,1.137,0.839,1.059,1.248,0.117,0.0,3.103,3.17,0.636,-0.259,0.132,0.171,0.233,-0.311,0.325,-0.311,0.047,0.085,-0.248,-0.272,0.325,0.175,11.249,9.968,0.0,15.786,0.0,0.0,0.0,0.0,0.0,0.0,0.0,0.0,4.984,4.795,4.39,0.0,0.0,0.0,6.197,0.0,0.0,0.0,5.817,5.559,5.69,17.066,0.0,6.197,0.0,0.0,4.984,4.984,0.0,11.985,-1.708,0.0,0.0,0.0,0.0,5-FU,O=c1[nH]cc(F)c(=O)[nH]1,0
18,0.5555555555555556,0.0,1.0,1.0,0.0,1.0,1.0,2.0,2.0,0.0,0.0,0.0,0.0,1.0,1.0,0.0,0.0,1.0,0.0,0.0,0.0,0.0,0.0,0.0,0.0,0.0,0.0,0.0,0.0,0.0,0.0,0.0,0.0,0.0,0.0,0.0,0.0,0.0,0.0,0.0,0.0,0.0,0.0,0.0,0.0,0.0,0.0,0.0,0.0,0.0,0.0,0.0,0.0,0.0,0.0,0.0,0.0,0.0,0.0,0.0,0.0,0.0,0.0,2.4558487803979276,0.0,4.736862953800049,24.19254420549987,0.0,0.0,0.0,4.39041504767482,0.0,0.0,-3.8283049886621336,0.6387037037037036,0.3302155365237701,-1.3675907029478462,13.83,0.0,0.0,3.0,0.0,0.5,1.895,0.0,0.021,0.0,0.0,0.045,0.016,4.035999774932861,1.88,4.057,2.1429998874664307,3.818000078201294,0.835,0.95,0.965,1.943,3.495,4.012,0.0,0.0,0.0,0.0,0.0,0.0,0.0,0.0,0.0,0.0,-4.467,0.0,0.0,-1.172,0.0,0.0,0.0,0.0,0.0,0.0,0.0,0.0,0.0,0.0,19.073,5.122,0.0,0.0,0.0,0.0,0.0,0.0,0.0,0.0,0.0,0.0,0.0,0.0,0.0,0.0,0.0,0.0,0.0,0.0,0.0,0.0,0.0,0.0,0.0,0.0,0.0,0.0,0.0,0.0,0.0,0.0,0.0,0.0,0.0,0.0,0.0,0.0,0.0,0.0,0.0,0.0,0.0,0.0,0.0,0.0,0.0,0.0,0.0,0.639,-0.697,0.0,0.0,0.0,-1.172,0.0,0.0,0.0,0.0,0.0,0.0,0.0,1.738,0.0,0.0,0.0,0.0,0.0,9.617,0.0,0.0,0.0,0.0,0.0,0.0,0.0,0.0,0.0,0.0,0.0,0.0,0.0,0.0,0.0,0.0,0.0,0.0,0.0,0.0,0.0,0.0,0.0,0.0,0.0,0.0,0.0,0.0,0.0,0.0,0.0,0.0,0.0,0.0,0.0,0.0,0.0,0.0,0.0,0.0,0.0,0.0,0.0,0.0,1.501,0.0,0.0,0.0,-1.368,0.0,0.0,0.0,0.0,0.0,0.0,0.0,0.0,0.0,0.0,0.0,0.0,0.0,0.703,0.0,5.122,0.0,0.0,0.0,0.0,0.0,0.0,0.0,0.0,0.0,0.0,0.0,0.0,0.0,0.0,0.0,0.0,0.0,0.0,0.0,0.0,0.0,0.0,0.0,0.0,0.0,0.0,0.0,0.0,0.0,0.0,0.0,0.0,0.0,0.0,0.0,0.0,0.0,0.0,0.0,-5.5601963655832725,13.031,13.031,14.398,-0.175,-0.157,0.048,-0.128,-0.06,-0.061,0.081,-0.254,-0.016,-0.058,0.152,-0.096,0.01,0.004,-0.009,0.118,0.912,0.935,0.863,1.013,1.0,1.272,0.795,0.962,0.957,0.897,1.005,0.996,1.154,1.378,0.949,1.079,0.937,0.92,0.966,1.002,1.084,4.696,3.17,0.718,-0.268,0.553,0.146,0.302,-0.388,0.33,-0.271,-0.036,0.026,-0.248,-0.268,0.33,0.211,11.249,38.076,13.152,15.786,0.0,0.0,0.0,0.0,0.0,0.0,0.0,0.0,14.95,4.795,4.39,0.0,0.0,6.924,0.0,12.301,12.208,6.228,5.817,5.559,5.69,41.606,0.0,10.764,0.0,6.924,4.984,0.0,0.0,18.855,-2.061,0.0,1.501,0.0,1.395,5-dFUrd,CC1OC(n2cc(F)c(=O)[nH]c2=O)C(O)C1O,0
19,0.5555555555555556,0.0,1.0,1.0,0.0,1.0,1.0,2.0,2.0,0.0,0.0,0.0,0.0,1.0,1.0,0.0,0.0,1.0,0.0,0.0,0.0,0.0,0.0,0.0,0.0,0.0,0.0,0.0,0.0,0.0,0.0,0.0,0.0,0.0,0.0,0.0,0.0,0.0,0.0,0.0,0.0,0.0,0.0,0.0,0.0,0.0,0.0,0.0,0.0,0.0,0.0,0.0,0.0,0.0,0.0,0.0,0.0,0.0,0.0,0.0,0.0,0.0,0.0,2.335396041923273,0.0,9.843390348640755,19.086016810659167,0.0,0.0,0.0,4.39041504767482,0.0,0.0,-1.8987585034013619,0.03831065759637209,0.3301231428271725,-1.1156127173091452,13.83,0.0,0.0,3.0,0.0,0.444,1.928,0.0,0.026,0.0,0.0,0.056,0.016,4.0329999923706055,1.88,4.055,2.1429998874664307,3.816999912261963,0.9,0.955,0.97,1.943,3.593,4.325,0.0,0.0,0.0,0.0,0.0,0.0,0.0,-0.366,0.0,0.0,-2.658,0.0,0.0,-1.116,0.0,0.0,0.0,0.0,0.0,0.0,0.0,0.0,0.0,0.0,18.334,5.159,0.0,0.0,0.0,0.0,0.0,0.0,0.0,0.0,0.0,0.0,0.0,0.0,0.0,0.0,0.0,0.0,0.0,0.0,0.0,0.0,0.0,0.0,0.0,0.0,0.0,0.0,0.0,0.0,0.0,0.0,0.0,0.0,0.0,0.0,0.0,0.0,0.0,0.0,0.0,0.0,0.0,0.0,0.0,0.0,0.038,0.0,0.0,0.721,-0.818,0.0,0.0,0.0,-1.116,0.0,0.0,0.0,0.0,0.0,0.0,0.0,1.784,0.0,0.0,0.0,0.0,0.0,9.469,0.0,0.0,0.0,0.0,0.0,0.0,0.0,0.0,0.0,0.0,0.0,0.0,0.0,0.0,0.0,0.0,0.0,0.0,0.0,0.0,0.0,0.0,0.0,0.0,0.0,0.0,0.0,0.0,0.0,0.0,0.0,0.0,0.0,0.0,0.0,0.0,0.0,0.0,0.0,0.0,0.0,0.0,0.0,0.0,0.0,0.0,-0.405,0.0,-0.938,0.0,0.0,0.0,0.0,0.0,0.0,0.0,0.0,0.0,0.0,0.0,0.0,0.0,0.843,0.0,5.159,0.0,0.0,0.0,0.0,0.0,0.0,0.0,0.0,0.0,0.0,0.0,0.0,0.0,0.0,0.0,0.0,0.0,0.0,0.0,0.0,0.0,0.0,0.0,0.0,0.0,0.0,0.0,0.0,0.0,0.0,0.0,0.0,0.0,0.0,0.0,0.0,0.0,0.0,0.0,-5.3534255847400685,13.018,13.018,14.134,-0.175,-0.131,0.01,-0.041,-0.29,-0.131,0.426,-0.254,-0.243,-0.141,0.375,-0.06,-0.059,-0.009,-0.214,0.261,0.912,0.91,0.914,0.937,1.024,1.321,1.019,0.962,0.921,0.947,0.915,1.002,1.269,1.337,1.021,1.079,0.898,0.983,0.873,1.005,1.216,4.689,3.17,0.724,-0.299,0.561,0.147,0.282,-0.394,0.33,-0.271,0.022,0.034,-0.248,-0.271,0.33,0.211,11.249,38.579,12.649,15.786,0.0,0.0,0.0,0.0,6.607,0.0,0.0,0.0,14.95,4.795,4.39,0.0,0.0,0.0,6.421,18.908,12.332,0.0,5.817,5.559,5.69,42.109,6.421,0.0,10.764,0.0,4.984,0.0,0.0,19.02,-1.935,0.0,-0.405,0.0,1.563,5-FdUrd,O=c1[nH]c(=O)n(C2CC(O)C(CO)O2)cc1F,0
